ID,EBV,PEV,SEP,reliability,phenotyped
1,-2.3948,17.1875,4.1458,0.4853,true
2,-2.1902,14.6556,3.8283,0.3971,true
3,-0.9291,14.8322,3.8513,0.3934,true
4,-0.126,15.0224,3.8759,0.382,true
5,-1.7653,14.1429,3.7607,0.4826,true
6,-5.9307,17.8915,4.2298,0.4205,true
7,3.5276,7.6242,2.7612,0.4766,true
8,0.3116,11.1395,3.3376,0.3135,true
9,-4.3121,13.9888,3.7402,0.5223,true
10,-1.1033,11.7723,3.4311,0.3673,true
11,-2.7304,13.0586,3.6137,0.3965,true
12,-1.8964,16.6969,4.0862,0.4957,true
13,4.4795,12.7189,3.5664,0.4607,true
14,3.2141,13.2252,3.6367,0.3742,true
15,1.3534,10.6502,3.2635,0.3743,true
16,-0.5905,15.2823,3.9093,0.4729,true
17,5.048,13.1686,3.6289,0.4598,true
18,3.0516,12.0339,3.469,0.3727,true
19,1.343,13.3681,3.6562,0.3903,true
20,1.6401,10.6216,3.2591,0.3118,true
